,County,population,Year,county,year
0,STORY,91136,2011,,
1,FAYETTE,22129,1995,,
2,HOWARD,9794,2002,,
3,APPANOOSE,13761,1999,,
4,CLAYTON,17946,2012,,
5,JOHNSON,152854,2020,,
6,MONONA,9978,1992,,
7,SIOUX,31352,1995,,
8,JOHNSON,123171,2006,,
9,JEFFERSON,18256,2018,,
10,LINN,222188,2016,,
11,RINGGOLD,5382,1996,,
12,POCAHONTAS,9493,1991,,
13,POLK,460898,2014,,
14,HANCOCK,12085,1999,,
15,WEBSTER,38346,2009,,
16,MONONA,9123,2007,,
17,TAMA,17549,2008,,
18,CEDAR,18358,2011,,
19,O'BRIEN,14881,2001,,
20,EMMET,11247,1999,,
21,GUTHRIE,10642,2016,,
22,JOHNSON,100939,1994,,
23,PALO ALTO,10245,1999,,
24,CHICKASAW,13287,1995,,
25,OSCEOLA,6021,2017,,
26,MONTGOMERY,11890,1999,,
27,BLACK HAWK,128040,2008,,
28,CHICKASAW,11933,2019,,
29,WASHINGTON,20072,1993,,
30,LYON,11763,2000,,
31,LUCAS,9395,1998,,
32,CHICKASAW,12274,2013,,
33,DICKINSON,16878,2013,,
34,SIOUX,35872,2020,,
35,GUTHRIE,10935,1990,,
36,MILLS,14905,2013,,
37,BENTON,22425,1991,,
38,LYON,11695,2013,,
39,GUTHRIE,10623,2020,,
40,DUBUQUE,94593,2011,,
41,JONES,20743,2011,,
42,PAGE,16001,2004,,
43,JOHNSON,130882,2010,,
44,SCOTT,158808,2003,,
45,BLACK HAWK,131723,2018,,
46,WAYNE,6403,2010,,
47,VAN BUREN,7669,1997,,
48,CEDAR,18499,2010,,
49,TAMA,17501,2012,,
50,CRAWFORD,16416,2009,,
51,POTTAWATTAMIE,90224,2009,,
52,LEE,38965,1995,,
53,CHEROKEE,13450,1997,,
54,TAYLOR,7029,1999,,
55,GREENE,9124,2014,,
56,BENTON,25645,2019,,
57,MAHASKA,22092,2007,,
58,HARRISON,15231,1996,,
59,HUMBOLDT,10462,1999,,
60,JEFFERSON,18295,2019,,
61,CERRO GORDO,45142,2003,,
62,EMMET,11303,1998,,
63,JOHNSON,113878,2001,,
64,CALHOUN,11296,1999,,
65,UNION,12627,2014,,
66,WINNEBAGO,10602,2009,,
67,HOWARD,9713,2003,,
68,WAYNE,7067,1990,,
69,MITCHELL,10784,2005,,
70,CEDAR,18564,2018,,
71,CLAYTON,17661,2016,,
72,DAVIS,8573,2008,,
73,WAYNE,6730,2000,,
74,DALLAS,80631,2015,,
75,JOHNSON,142730,2014,,
76,BENTON,25608,2015,,
77,KOSSUTH,18098,1993,,
78,JACKSON,19912,1992,,
79,ALLAMAKEE,14330,2010,,
80,CRAWFORD,16864,1998,,
81,STORY,96636,2015,,
82,BUTLER,14782,2004,,
83,MUSCATINE,43068,2015,,
84,IOWA,14618,1991,,
85,ADAIR,8409,1990,,
86,LUCAS,9179,2009,,
87,KOSSUTH,15332,2013,,
88,GUTHRIE,11051,2007,,
89,DELAWARE,17619,2005,,
90,FLOYD,17001,1996,,
91,WARREN,44793,2008,,
92,MILLS,14846,2005,,
93,WORTH,7618,2006,,
94,WORTH,7909,2000,,
95,AUDUBON,6916,1998,,
96,POTTAWATTAMIE,86609,1999,,
97,APPANOOSE,12654,2013,,
98,POTTAWATTAMIE,88781,2004,,
99,LEE,38052,2000,,
100,STORY,76265,1996,,
101,DALLAS,29904,1991,,
102,CHEROKEE,12530,2002,,
103,PAGE,15702,2012,,
104,TAYLOR,6233,2013,,
105,WAYNE,6422,2005,,
106,MADISON,12483,1990,,
107,WORTH,7598,2010,,
108,UNION,12309,2000,,
109,CLAY,17662,1998,,
110,JACKSON,19906,2007,,
111,BREMER,23325,2000,,
112,MADISON,14148,2001,,
113,DECATUR,8219,1993,,
114,LOUISA,11694,2008,,
115,FAYETTE,20519,2013,,
116,GRUNDY,12405,2015,,
117,DICKINSON,15196,1992,,
118,BLACK HAWK,131144,2020,,
119,GUTHRIE,11101,1992,,
120,WOODBURY,101640,1994,,
121,JEFFERSON,16563,1995,,
122,FAYETTE,20774,2012,,
123,GUTHRIE,10859,2011,,
124,MUSCATINE,42664,2019,,
125,RINGGOLD,5101,2006,,
126,O'BRIEN,15647,1996,,
127,BENTON,26643,2005,,
128,DAVIS,8771,2011,,
129,FRANKLIN,11179,1993,,
130,GREENE,10366,2000,,
131,MILLS,14547,2000,,
132,WINNEBAGO,11940,1992,,
133,BUENA VISTA,19455,2007,,
134,CARROLL,20766,2006,,
135,KEOKUK,10427,2012,,
136,JACKSON,19393,2016,,
137,KEOKUK,11444,1998,,
138,GREENE,8965,2018,,
139,POLK,333568,1992,,
140,O'BRIEN,13926,2016,,
141,CLAY,16498,2015,,
142,BENTON,25623,2014,,
143,CLARKE,9196,2014,,
144,GRUNDY,12232,2019,,
145,SHELBY,12167,2010,,
146,PAGE,16678,1993,,
147,AUDUBON,5471,2018,,
148,WARREN,39510,1998,,
149,TAMA,17192,2016,,
150,SAC,10199,2008,,
151,JASPER,37256,2004,,
152,JONES,20433,2015,,
153,O'BRIEN,14182,2020,,
154,SHELBY,11454,2019,,
155,CERRO GORDO,43096,2016,,
156,O'BRIEN,15451,1991,,
157,OSCEOLA,7290,1992,,
158,CEDAR,18102,1998,,
159,POLK,490161,2019,,
160,POWESHIEK,18814,1999,,
161,WOODBURY,102831,2009,,
162,O'BRIEN,14156,2012,,
163,GRUNDY,12017,1991,,
164,KEOKUK,11194,2003,,
165,WORTH,7471,2016,,
166,POTTAWATTAMIE,83643,1994,,
167,APPANOOSE,12353,2017,,
168,FRANKLIN,10680,2010,,
169,ADAIR,8380,1995,,
170,TAYLOR,7016,1998,,
171,HENRY,20105,2003,,
172,HARRISON,14582,2020,,
173,MADISON,12949,1995,,
174,CLINTON,50553,1999,,
175,BLACK HAWK,123798,1990,,
176,CLAY,16597,2011,,
177,BENTON,25699,2013,,
178,CALHOUN,11426,1997,,
179,RINGGOLD,5389,2001,,
180,FREMONT,7371,2011,,
181,MITCHELL,10571,2018,,
182,LOUISA,11644,1992,,
183,CHICKASAW,12017,2009,,
184,MARSHALL,39238,1999,,
185,HENRY,20067,2008,,
186,CLINTON,51040,1990,,
187,FAYETTE,20939,2005,,
188,DAVIS,8571,2001,,
189,AUDUBON,5771,2014,,
190,WRIGHT,14055,2001,,
191,WAPELLO,35716,2003,,
192,SHELBY,11559,2018,,
193,POLK,390092,2003,,
194,DUBUQUE,90618,2004,,
195,STORY,81612,2002,,
196,CARROLL,21703,1999,,
197,FLOYD,16224,2007,,
198,MITCHELL,10974,1995,,
199,BUENA VISTA,20076,1992,,
200,DICKINSON,16586,2007,,
201,OSCEOLA,6444,2007,,
202,JONES,19480,1991,,
203,HENRY,19296,1991,,
204,LUCAS,9473,2003,,
205,PLYMOUTH,24339,1996,,
206,PLYMOUTH,24303,2007,,
207,ADAIR,8243,2000,,
208,CHEROKEE,11951,2012,,
209,TAMA,17906,1995,,
210,IOWA,16662,2020,,
211,KEOKUK,10655,2008,,
212,WAPELLO,35980,1998,,
213,OSCEOLA,7138,1996,,
214,SIOUX,31742,2001,,
215,SAC,11882,1998,,
216,CLARKE,8429,1995,,
217,CLARKE,8549,1994,,
218,ALLAMAKEE,14442,2006,,
219,SHELBY,12408,2005,,
220,RINGGOLD,4663,2020,,
221,LINN,205283,2007,,
222,FLOYD,15857,2016,,
223,CARROLL,20274,2017,,
224,UNION,11990,2006,,
225,MITCHELL,10872,2000,,
226,DECATUR,8469,2003,,
227,FRANKLIN,10019,2020,,
228,LEE,35862,2010,,
229,DELAWARE,18404,2000,,
230,BOONE,25335,1992,,
231,MONROE,7798,2017,,
232,IOWA,16184,2019,,
233,PLYMOUTH,25698,2020,,
234,TAYLOR,6522,2005,,
235,WEBSTER,39461,1997,,
236,DAVIS,8312,1990,,
237,BLACK HAWK,131878,2012,,
238,LUCAS,9181,1994,,
239,CLARKE,9286,2010,,
240,HAMILTON,15538,2007,,
241,HAMILTON,15343,2013,,
242,FREMONT,7553,2005,,
243,PAGE,15483,2014,,
244,MARION,33253,2019,,
245,MARSHALL,39020,2005,,
246,MARION,33270,2011,,
247,LUCAS,8636,2014,,
248,WEBSTER,39672,2002,,
249,HAMILTON,15032,2017,,
250,CRAWFORD,16847,2002,,
251,MAHASKA,22021,2003,,
252,HANCOCK,11670,2004,,
253,MONONA,10069,1997,,
254,ADAMS,3754,2015,,
255,KEOKUK,10170,2016,,
256,WAPELLO,35486,2011,,
257,MARSHALL,38276,1990,,
258,FRANKLIN,10567,2008,,
259,WINNESHIEK,20629,2009,,
260,BREMER,24276,2010,,
261,SIOUX,34635,2014,,
262,VAN BUREN,7683,1991,,
263,MONROE,8169,1992,,
264,GRUNDY,12317,1997,,
265,HUMBOLDT,10014,2003,,
266,SHELBY,13230,1990,,
267,BLACK HAWK,133077,2016,,
268,DUBUQUE,97311,2019,,
269,IOWA,14927,1995,,
270,KEOKUK,11592,1993,,
271,WORTH,7708,2004,,
272,PAGE,15229,2018,,
273,CHEROKEE,14098,1990,,
274,MARION,33309,2010,,
275,DECATUR,8201,2008,,
276,MONROE,7784,2004,,
277,BOONE,26123,2003,,
278,MONROE,8060,2011,,
279,POCAHONTAS,8970,1997,,
280,MAHASKA,21516,1992,,
281,IDA,7840,2000,,
282,SIOUX,34503,2013,,
283,PAGE,15527,2008,,
284,FLOYD,16900,2000,,
285,ADAMS,3692,2016,,
286,HARDIN,18912,1999,,
287,BREMER,23369,2004,,
288,KOSSUTH,15956,2005,,
289,CLAY,17700,1994,,
290,LYON,11332,2006,,
291,UNION,12325,1996,,
292,HOWARD,9436,2008,,
293,BUCHANAN,21230,1995,,
294,WASHINGTON,21037,2005,,
295,GUTHRIE,10762,2012,,
296,OSCEOLA,6236,2013,,
297,JEFFERSON,16313,1991,,
298,JEFFERSON,18219,2017,,
299,ALLAMAKEE,14061,2020,,
300,MONONA,9243,2010,,
301,LINN,218129,2014,,
302,WINNESHIEK,20894,2004,,
303,CERRO GORDO,42983,2015,,
304,MARION,30276,1993,,
305,LINN,183167,1997,,
306,WARREN,50078,2017,,
307,PALO ALTO,9140,2015,,
308,WAPELLO,35817,1992,,
309,ALLAMAKEE,13996,1992,,
310,CEDAR,18505,2020,,
311,JASPER,36574,2012,,
312,MUSCATINE,41792,2001,,
313,POWESHIEK,18615,2006,,
314,HAMILTON,16098,1992,,
315,PAGE,16874,1991,,
316,FREMONT,7993,1999,,
317,HANCOCK,11341,2010,,
318,HARRISON,14734,1991,,
319,CLAY,16629,2007,,
320,ADAMS,4634,1994,,
321,JACKSON,20098,2003,,
322,HOWARD,9944,1995,,
323,JONES,20521,1996,,
324,CASS,14886,1998,,
325,SAC,10848,2003,,
326,DUBUQUE,93653,2010,,
327,WOODBURY,101211,2005,,
328,SHELBY,13074,2000,,
329,SHELBY,13278,1995,,
330,WOODBURY,98506,1991,,
331,CEDAR,18627,2019,,
332,MONROE,7549,2009,,
333,SAC,12311,1991,,
334,MUSCATINE,41440,1996,,
335,CEDAR,17447,1991,,
336,APPANOOSE,12848,2011,,
337,TAYLOR,7024,1994,,
338,PALO ALTO,9569,2005,,
339,CERRO GORDO,46733,1990,,
340,WINNEBAGO,10696,2011,,
341,DES MOINES,43112,1995,,
342,MONTGOMERY,11947,1996,,
343,HARDIN,17253,2015,,
344,DALLAS,77739,2014,,
345,UNION,12534,2010,,
346,KEOKUK,10213,2018,,
347,POLK,365086,1999,,
348,WRIGHT,14662,1997,,
349,IOWA,16155,2018,,
350,CLAYTON,17779,2006,,
351,WARREN,37150,1993,,
352,LOUISA,11381,2011,,
353,ADAMS,4099,2007,,
354,WINNESHIEK,21113,1994,,
355,POCAHONTAS,7479,2008,,
356,MARSHALL,38526,1995,,
357,TAMA,17513,1993,,
358,LINN,220271,2015,,
359,DICKINSON,16840,2014,,
360,MAHASKA,22126,1998,,
361,SCOTT,154912,1993,,
362,PLYMOUTH,23470,1992,,
363,ADAMS,4616,1995,,
364,MARION,32256,2004,,
365,WORTH,7413,2018,,
366,WINNEBAGO,11829,1997,,
367,FAYETTE,21674,2001,,
368,TAYLOR,6121,2019,,
369,CALHOUN,9951,2007,,
370,SAC,9816,2016,,
371,CLARKE,8841,1999,,
372,SCOTT,157228,1998,,
373,ALLAMAKEE,14309,2002,,
374,JONES,20303,2005,,
375,O'BRIEN,15457,1999,,
376,GREENE,10280,1994,,
377,MILLS,13819,1997,,
378,ADAIR,7847,2004,,
379,TAMA,18070,1999,,
380,DICKINSON,17109,2016,,
381,JOHNSON,140151,2013,,
382,HUMBOLDT,9558,2019,,
383,LYON,11934,2020,,
384,DES MOINES,42351,2000,,
385,WAPELLO,35803,2002,,
386,OSCEOLA,7003,2000,,
387,MARION,33091,2017,,
388,HARRISON,14105,2018,,
389,BENTON,26076,2010,,
390,LYON,11581,2010,,
391,BUCHANAN,21091,1994,,
392,DAVIS,8969,2017,,
393,VAN BUREN,7676,1990,,
394,SIOUX,29903,1990,,
395,MILLS,15127,2008,,
396,WEBSTER,36781,2016,,
397,FREMONT,7345,2009,,
398,MARION,33014,2013,,
399,HAMILTON,16233,1995,,
400,POLK,492401,2020,,
401,WASHINGTON,21903,2012,,
402,SHELBY,11574,2017,,
403,CHICKASAW,12763,2002,,
404,DAVIS,8398,1994,,
405,WEBSTER,40037,2001,,
406,WASHINGTON,22565,2020,,
407,BENTON,25307,2000,,
408,FREMONT,6930,2017,,
409,WINNESHIEK,21128,1997,,
410,DECATUR,8137,2015,,
411,MONONA,10020,2000,,
412,MONTGOMERY,10384,2014,,
413,WEBSTER,40342,1990,,
414,MARSHALL,38094,1994,,
415,HAMILTON,15321,2012,,
416,DICKINSON,15783,1997,,
417,MONONA,10045,1993,,
418,DUBUQUE,93072,2009,,
419,HARDIN,17377,2008,,
420,POCAHONTAS,8459,2001,,
421,WOODBURY,102321,2012,,
422,HUMBOLDT,9626,2007,,
423,FREMONT,8194,1992,,
424,GRUNDY,12285,2001,,
425,HANCOCK,12496,1992,,
426,BLACK HAWK,127150,1995,,
427,CHEROKEE,13912,1994,,
428,BUCHANAN,21126,2017,,
429,WASHINGTON,20245,1996,,
430,MITCHELL,10826,2003,,
431,MARSHALL,39259,2009,,
432,BOONE,26136,2012,,
433,POWESHIEK,18662,2007,,
434,PAGE,16002,2005,,
435,UNION,12430,2015,,
436,CARROLL,20423,2015,,
437,WASHINGTON,20982,2002,,
438,DECATUR,7870,2019,,
439,IDA,7295,2004,,
440,CHEROKEE,11684,2007,,
441,LYON,11634,2001,,
442,CALHOUN,9670,2010,,
443,WARREN,47827,2014,,
444,IOWA,16323,2011,,
445,BUCHANAN,20875,2006,,
446,PALO ALTO,10613,1992,,
447,JONES,20364,2009,,
448,LINN,195918,2002,,
449,PALO ALTO,8996,2020,,
450,IOWA,15463,1999,,
451,PAGE,15213,2017,,
452,WOODBURY,102492,2015,,
453,RINGGOLD,4971,2013,,
454,DELAWARE,18139,1992,,
455,CRAWFORD,16775,1990,,
456,BOONE,26297,2007,,
457,DUBUQUE,97066,2017,,
458,POTTAWATTAMIE,83540,1995,,
459,HOWARD,9353,2014,,
460,WOODBURY,99513,1992,,
461,HANCOCK,11310,2007,,
462,CHICKASAW,12002,2017,,
463,HUMBOLDT,10687,1992,,
464,DELAWARE,17205,2009,,
465,WARREN,36033,1990,,
466,HANCOCK,10756,2017,,
467,EMMET,10364,2008,,
468,HARRISON,15544,2003,,
469,WINNEBAGO,11329,2002,,
470,MONTGOMERY,10796,2009,,
471,TAMA,16869,2018,,
472,WARREN,46645,2011,,
473,DELAWARE,17395,2014,,
474,KOSSUTH,17645,1997,,
475,POCAHONTAS,7970,2004,,
476,BUCHANAN,21088,1999,,
477,ADAMS,4866,1990,,
478,LOUISA,12087,1997,,
479,MARION,31280,1997,,
480,MUSCATINE,42745,2010,,
481,POTTAWATTAMIE,93563,2015,,
482,MITCHELL,10781,2009,,
483,TAMA,17728,1994,,
484,CLAYTON,19064,1991,,
485,HENRY,20336,2000,,
486,WINNEBAGO,11723,2000,,
487,WINNEBAGO,10573,2017,,
488,PALO ALTO,9279,2009,,
489,ALLAMAKEE,14484,1996,,
490,SAC,11852,1999,,
491,JACKSON,20225,1999,,
492,AUDUBON,6438,2003,,
493,WOODBURY,102284,2013,,
494,DUBUQUE,88938,1996,,
495,MONROE,8129,1997,,
496,POWESHIEK,18755,2002,,
497,JEFFERSON,15721,2003,,
498,CASS,15090,1994,,
499,GUTHRIE,11353,2000,,
500,UNION,12774,1991,,
501,MUSCATINE,42670,2008,,
502,HOWARD,9811,1991,,
503,CLAY,16732,2006,,
504,LEE,36109,2005,,
505,MAHASKA,22186,2016,,
506,LUCAS,8600,2019,,
507,CERRO GORDO,46945,1995,,
508,WOODBURY,103311,2001,,
509,BOONE,26032,2002,,
510,POWESHIEK,18989,1998,,
511,HOWARD,9469,2020,,
512,HUMBOLDT,9556,2015,,
513,LOUISA,11195,2017,,
514,BUTLER,15501,1998,,
515,RINGGOLD,5049,2011,,
516,HOWARD,9566,2010,,
517,SHELBY,13235,1991,,
518,CASS,14794,1999,,
519,VAN BUREN,7671,2003,,
520,CLINTON,50635,1998,,
521,DALLAS,74949,2013,,
522,WARREN,42923,2005,,
523,PLYMOUTH,24687,2004,,
524,ALLAMAKEE,14421,2007,,
525,CLARKE,9748,2020,,
526,CEDAR,18000,2006,,
527,MONTGOMERY,11980,1992,,
528,WRIGHT,14388,1993,,
529,APPANOOSE,12780,2008,,
530,WEBSTER,38574,2005,,
531,VAN BUREN,7690,2008,,
532,SAC,9705,2018,,
533,CALHOUN,9845,2014,,
534,LUCAS,8610,2015,,
535,LEE,38687,1990,,
536,CARROLL,21415,1991,,
537,MAHASKA,22309,2002,,
538,WAYNE,6936,1997,,
539,ADAMS,4493,1999,,
540,LOUISA,11153,2018,,
541,SAC,10048,2014,,
542,DELAWARE,17764,2010,,
543,ADAIR,7468,2012,,
544,HOWARD,9548,2012,,
545,BUENA VISTA,19604,2006,,
546,PLYMOUTH,24578,1999,,
547,RINGGOLD,4894,2019,,
548,LYON,11757,2012,,
549,O'BRIEN,14257,2005,,
550,CRAWFORD,16591,2005,,
551,IDA,8321,1994,,
552,HARRISON,14046,2016,,
553,WORTH,7952,1996,,
554,DALLAS,44324,2002,,
555,BREMER,23157,1994,,
556,PALO ALTO,10511,1995,,
557,MITCHELL,10897,1992,,
558,GRUNDY,12227,2006,,
559,SIOUX,30965,1994,,
560,CLINTON,46437,2018,,
561,IOWA,16281,2013,,
562,TAMA,17929,2004,,
563,IOWA,16355,2010,,
564,HAMILTON,16405,1999,,
565,DECATUR,8249,2011,,
566,WARREN,41010,2001,,
567,BREMER,23460,2009,,
568,PAGE,16976,2000,,
569,BUTLER,14966,2011,,
570,DICKINSON,16473,2001,,
571,MONTGOMERY,11188,2003,,
572,DECATUR,7645,2020,,
573,CLINTON,51405,1993,,
574,WINNESHIEK,21236,2001,,
575,BUENA VISTA,19826,2018,,
576,JONES,19444,1990,,
577,LEE,38544,1999,,
578,CLINTON,46429,2019,,
579,SCOTT,158677,2002,,
580,CERRO GORDO,46773,1991,,
581,WEBSTER,37069,2014,,
582,CHICKASAW,12268,2006,,
583,SCOTT,168347,2012,,
584,POLK,474277,2016,,
585,O'BRIEN,13898,2008,,
586,POCAHONTAS,7097,2014,,
587,LUCAS,8778,2012,,
588,EMMET,11722,1993,,
589,MONONA,9511,2004,,
590,BUENA VISTA,20194,2001,,
591,FAYETTE,22211,1996,,
592,CALHOUN,10522,2003,,
593,BUCHANAN,21175,2019,,
594,STORY,74497,1992,,
595,DALLAS,33036,1995,,
596,LINN,202314,2006,,
597,HARDIN,18002,2004,,
598,WAYNE,6267,2008,,
599,WEBSTER,40137,1994,,
600,HENRY,20243,2011,,
601,BENTON,23962,1996,,
602,BUTLER,14595,2008,,
603,WASHINGTON,20512,1998,,
604,KOSSUTH,14813,2019,,
605,WRIGHT,12878,2008,,
606,BLACK HAWK,124155,1991,,
607,DAVIS,8555,2004,,
608,LOUISA,12172,2001,,
609,IDA,6980,2007,,
610,CASS,13572,2013,,
611,MUSCATINE,40831,1993,,
612,JOHNSON,96119,1990,,
613,CHEROKEE,13381,1998,,
614,DES MOINES,40742,2004,,
615,POLK,444671,2012,,
616,SIOUX,32017,2007,,
617,MITCHELL,10676,2015,,
618,KOSSUTH,15543,2010,,
619,WRIGHT,14269,1990,,
620,SAC,9966,2015,,
621,HANCOCK,12148,1996,,
622,AUDUBON,7038,1994,,
623,RINGGOLD,5416,1991,,
624,CHEROKEE,12347,2003,,
625,LUCAS,8697,2013,,
626,JACKSON,20196,1996,,
627,BENTON,25625,2018,,
628,LYON,11914,1993,,
629,MILLS,13305,1993,,
630,WEBSTER,38013,2010,,
631,JONES,20158,2001,,
632,HARDIN,19099,1991,,
633,GRUNDY,12453,2010,,
634,HUMBOLDT,10492,1995,,
635,DALLAS,29755,1990,,
636,DUBUQUE,86988,1992,,
637,FLOYD,15910,2015,,
638,JASPER,34829,1991,,
639,GUTHRIE,11241,1996,,
640,WEBSTER,35904,2019,,
641,BOONE,25742,1997,,
642,WAYNE,7017,1993,,
643,POWESHIEK,18914,2010,,
644,LUCAS,9422,1999,,
645,CLARKE,9017,2007,,
646,FRANKLIN,11030,1997,,
647,WARREN,47358,2013,,
648,MAHASKA,22363,2014,,
649,WOODBURY,103728,1998,,
650,WRIGHT,12943,2020,,
651,MONTGOMERY,10939,2007,,
652,CASS,15128,1990,,
653,HOWARD,9257,2016,,
654,MAHASKA,22018,2018,,
655,AUDUBON,5863,2013,,
656,WAPELLO,34991,2018,,
657,MADISON,14864,2005,,
658,APPANOOSE,13744,1991,,
659,EMMET,10508,2004,,
660,WINNEBAGO,10943,2006,,
661,HENRY,20134,2007,,
662,FRANKLIN,10636,2002,,
663,CALHOUN,9913,2012,,
664,GREENE,9928,2004,,
665,BUTLER,15713,1991,,
666,PAGE,17344,1997,,
667,BREMER,24746,2015,,
668,CASS,14228,2003,,
669,IOWA,15932,2006,,
670,HENRY,20001,1996,,
671,WINNEBAGO,11804,1996,,
672,JACKSON,19366,2015,,
673,WAPELLO,35673,2006,,
674,KEOKUK,11341,2002,,
675,MONONA,8751,2020,,
676,LEE,34894,2015,,
677,CLINTON,49487,2003,,
678,LEE,35447,2009,,
679,BLACK HAWK,126628,2002,,
680,SCOTT,153222,1992,,
681,JACKSON,19431,2014,,
682,GUTHRIE,11350,2004,,
683,WINNEBAGO,10430,2013,,
684,BUCHANAN,20565,2020,,
685,MUSCATINE,41806,2004,,
686,ADAIR,7074,2018,,
687,CLARKE,9074,2006,,
688,POLK,354096,1996,,
689,LUCAS,8880,2011,,
690,AUDUBON,6893,1999,,
691,MONROE,7937,2001,,
692,BLACK HAWK,126026,2003,,
693,FLOYD,17058,1990,,
694,CLINTON,49116,2010,,
695,JASPER,36460,2008,,
696,GRUNDY,12272,2018,,
697,MILLS,14873,2012,,
698,CLAY,17255,2001,,
699,MONROE,8184,1995,,
700,JASPER,36087,1998,,
701,DELAWARE,17081,2018,,
702,BUCHANAN,21026,2013,,
703,MITCHELL,10644,2016,,
704,OSCEOLA,6811,2003,,
705,BENTON,26571,2006,,
706,DALLAS,69696,2011,,
707,POTTAWATTAMIE,93416,2017,,
708,CALHOUN,11503,1993,,
709,O'BRIEN,15646,1995,,
710,WORTH,7930,1993,,
711,CLAYTON,18952,1998,,
712,MADISON,12516,1991,,
713,FAYETTE,19679,2018,,
714,WINNEBAGO,10354,2019,,
715,ADAIR,8397,1991,,
716,SAC,12324,1990,,
717,LEE,38901,1994,,
718,STORY,85232,2007,,
719,MARION,30183,1992,,
720,CARROLL,21525,1995,,
721,HARRISON,15569,1999,,
722,CERRO GORDO,43206,2014,,
723,POCAHONTAS,7204,2011,,
724,POLK,328531,1991,,
725,DAVIS,8428,1997,,
726,DECATUR,8459,1997,,
727,CEDAR,18049,2002,,
728,APPANOOSE,13355,2004,,
729,HUMBOLDT,9569,2017,,
730,DELAWARE,17567,2012,,
731,STORY,83476,2006,,
732,BUENA VISTA,20500,1996,,
733,CALHOUN,9811,2016,,
734,CALHOUN,9927,2020,,
735,CARROLL,20165,2019,,
736,WRIGHT,13377,2005,,
737,POWESHIEK,18884,1994,,
738,WAPELLO,35022,2017,,
739,WEBSTER,40283,1993,,
740,SIOUX,34855,2019,,
741,CEDAR,17860,1997,,
742,SHELBY,12992,2001,,
743,KEOKUK,11073,2004,,
744,SAC,12036,1994,,
745,JOHNSON,151140,2019,,
746,EMMET,10302,2010,,
747,CASS,14214,2002,,
748,HARDIN,16878,2020,,
749,MADISON,13340,1996,,
750,BUTLER,14782,2003,,
751,CLINTON,49614,2002,,
752,ADAIR,8366,1996,,
753,IDA,8365,1990,,
754,CALHOUN,11377,1998,,
755,APPANOOSE,13743,1990,,
756,CLARKE,8287,1990,,
757,BENTON,26551,2007,,
758,DAVIS,8565,2002,,
759,IOWA,14744,1992,,
760,CLAYTON,17463,2009,,
761,HAMILTON,14773,2019,,
762,DECATUR,8239,2012,,
763,FLOYD,16031,2008,,
764,WORTH,7557,2014,,
765,CARROLL,21427,2000,,
766,DECATUR,8538,1999,,
767,STORY,80057,2001,,
768,ADAIR,7005,2016,,
769,OSCEOLA,6448,2008,,
770,FLOYD,17056,1991,,
771,DELAWARE,18347,1996,,
772,HAMILTON,16151,2003,,
773,PAGE,15329,2016,,
774,IDA,8333,1995,,
775,AUDUBON,6992,1995,,
776,MITCHELL,10971,1996,,
777,BUENA VISTA,19992,1991,,
778,LYON,11172,2009,,
779,UNION,12616,2013,,
780,TAMA,17614,2011,,
781,LOUISA,12175,2003,,
782,GUTHRIE,10941,1991,,
783,HAMILTON,15467,2011,,
784,HANCOCK,12100,2000,,
785,MONONA,9019,2008,,
786,CLARKE,8301,1991,,
787,MONROE,7970,2010,,
788,PALO ALTO,10147,2000,,
789,WINNESHIEK,20871,2005,,
790,TAMA,17950,1998,,
791,CASS,13765,2011,,
792,WAPELLO,36037,1993,,
793,MILLS,15060,2017,,
794,BUTLER,15731,1990,,
795,CHICKASAW,13297,1996,,
796,MITCHELL,10735,2001,,
797,DECATUR,8454,2004,,
798,KOSSUTH,15413,2012,,
799,CLARKE,9245,2013,,
800,DUBUQUE,95945,2013,,
801,STORY,98537,2020,,
802,MONROE,7836,2016,,
803,BENTON,22526,1992,,
804,AUDUBON,6004,2011,,
805,KEOKUK,11486,1997,,
806,TAYLOR,6541,2006,,
807,CLAYTON,17726,2015,,
808,IOWA,16192,2016,,
809,CHICKASAW,11952,2018,,
810,TAYLOR,6213,2016,,
811,VAN BUREN,7736,1998,,
812,FRANKLIN,10070,2019,,
813,FREMONT,7604,2004,,
814,WEBSTER,39268,1998,,
815,BLACK HAWK,133390,2014,,
816,SCOTT,165224,2010,,
817,ADAMS,3644,2018,,
818,CLAY,16667,2010,,
819,SCOTT,161473,2006,,
820,JONES,20522,1997,,
821,TAYLOR,6958,2000,,
822,HAMILTON,15352,2008,,
823,MONROE,7577,2020,,
824,JONES,20403,2007,,
825,LUCAS,9132,1993,,
826,MARSHALL,39227,2004,,
827,MITCHELL,10700,2014,,
828,ADAIR,7051,2017,,
829,CEDAR,18348,2016,,
830,CERRO GORDO,44654,2004,,
831,FAYETTE,19687,2017,,
832,TAYLOR,6260,2012,,
833,FLOYD,15999,2014,,
834,MUSCATINE,41274,1997,,
835,WINNESHIEK,20847,1990,,
836,TAYLOR,7024,1993,,
837,HUMBOLDT,10381,2000,,
838,IOWA,15794,2007,,
839,MAHASKA,21613,1993,,
840,HOWARD,9679,2004,,
841,GRUNDY,12244,1996,,
842,KOSSUTH,16780,2001,,
843,DELAWARE,17288,2016,,
844,JONES,20548,2014,,
845,MADISON,16000,2017,,
846,HARDIN,18941,1995,,
847,MONROE,8209,1993,,
848,TAMA,17217,2015,,
849,FLOYD,15752,2018,,
850,OSCEOLA,6204,2012,,
851,JOHNSON,96595,1991,,
852,GUTHRIE,10984,2008,,
853,JONES,19607,1992,,
854,IOWA,15756,2002,,
855,MONONA,8866,2015,,
856,POCAHONTAS,7346,2009,,
857,CLINTON,47248,2016,,
858,MONROE,7728,2005,,
859,RINGGOLD,5420,1990,,
860,ADAIR,7387,2013,,
861,MARION,32310,2005,,
862,CEDAR,17505,1992,,
863,CARROLL,21423,1990,,
864,LINN,174288,1993,,
865,HENRY,19490,1992,,
866,CHEROKEE,13204,1999,,
867,POWESHIEK,18832,2000,,
868,LUCAS,9619,2004,,
869,ADAMS,4503,1998,,
870,SIOUX,32114,2006,,
871,KOSSUTH,15400,2011,,
872,ADAMS,4032,2008,,
873,MADISON,15343,2007,,
874,DICKINSON,16644,2008,,
875,MONTGOMERY,10632,2011,,
876,BREMER,22813,1990,,
877,JONES,20646,2020,,
878,POCAHONTAS,9396,1992,,
879,UNION,12201,2001,,
880,HARDIN,19094,1990,,
881,DES MOINES,42668,1991,,
882,SIOUX,31347,1996,,
883,CLARKE,9168,2002,,
884,PLYMOUTH,24739,1997,,
885,CASS,13870,2007,,
886,APPANOOSE,13723,2000,,
887,WRIGHT,12562,2019,,
888,CLAYTON,18909,1994,,
889,BUCHANAN,20761,2002,,
890,CLAY,17601,1997,,
891,FRANKLIN,10588,2003,,
892,EMMET,11028,2000,,
893,MONONA,8615,2019,,
894,FAYETTE,19858,2016,,
895,CLAYTON,18900,1999,,
896,WASHINGTON,20098,1994,,
897,CARROLL,20911,2005,,
898,HAMILTON,16371,1998,,
899,ADAMS,4845,1991,,
900,SAC,10059,2009,,
901,OSCEOLA,6316,2011,,
902,MONTGOMERY,11771,2000,,
903,BLACK HAWK,126737,2007,,
904,JONES,20638,2010,,
905,BREMER,23098,1995,,
906,CERRO GORDO,43127,2020,,
907,HANCOCK,11626,2005,,
908,KEOKUK,10398,2011,,
909,CLARKE,9395,2019,,
910,GUTHRIE,10686,2014,,
911,GREENE,10442,1999,,
912,KEOKUK,10171,2015,,
913,CLAY,16484,2014,,
914,ADAMS,4321,2003,,
915,MAHASKA,22120,2008,,
916,FREMONT,7441,2010,,
917,WINNEBAGO,11850,1993,,
918,POWESHIEK,19033,1990,,
919,UNION,12241,2019,,
920,AUDUBON,6549,2002,,
921,OSCEOLA,7246,1993,,
922,HUMBOLDT,9762,2006,,
923,CRAWFORD,16775,1997,,
924,MUSCATINE,43028,2014,,
925,VAN BUREN,7390,2014,,
926,WOODBURY,101971,2008,,
927,BUTLER,15406,1999,,
928,HARRISON,15400,1997,,
929,TAMA,17029,2017,,
930,DES MOINES,42936,1996,,
931,DALLAS,32262,1994,,
932,ALLAMAKEE,13687,2019,,
933,JOHNSON,115560,2002,,
934,CALHOUN,10719,2002,,
935,WASHINGTON,21152,2007,,
936,SAC,12156,1992,,
937,BUCHANAN,20975,2007,,
938,CHICKASAW,13288,1991,,
939,MONTGOMERY,11992,1995,,
940,KOSSUTH,15104,2016,,
941,APPANOOSE,13726,1995,,
942,WOODBURY,102686,2016,,
943,WOODBURY,98276,1990,,
944,EMMET,11501,1995,,
945,LOUISA,11250,2014,,
946,ALLAMAKEE,13874,2015,,
947,WRIGHT,14560,1998,,
948,WARREN,48468,2015,,
949,HENRY,19929,2009,,
950,HARRISON,15497,2002,,
951,WAPELLO,35265,2016,,
952,POTTAWATTAMIE,88960,2005,,
953,LEE,35236,2013,,
954,KOSSUTH,14878,2018,,
955,CLAYTON,17853,2005,,
956,JACKSON,19427,2018,,
957,WINNESHIEK,20070,2020,,
958,AUDUBON,6132,2007,,
959,CERRO GORDO,46950,1999,,
960,LUCAS,9337,2008,,
961,ADAMS,3602,2019,,
962,WORTH,7801,2001,,
963,WINNEBAGO,11876,1998,,
964,MILLS,15139,2006,,
965,FLOYD,17062,1995,,
966,STORY,76937,1997,,
967,PAGE,15913,2007,,
968,VAN BUREN,7570,2010,,
969,WARREN,45275,2009,,
970,SCOTT,155375,1994,,
971,DICKINSON,15245,1993,,
972,CLINTON,48701,2012,,
973,FREMONT,6947,2016,,
974,DECATUR,8185,1992,,
975,HARDIN,18812,2000,,
976,HOWARD,9999,1999,,
977,ADAMS,3910,2012,,
978,LOUISA,11245,2009,,
979,CRAWFORD,16737,1991,,
980,WASHINGTON,21100,2006,,
981,WAPELLO,36052,1997,,
982,APPANOOSE,12707,2012,,
983,DALLAS,46308,2003,,
984,MADISON,14019,2000,,
985,SHELBY,12305,2006,,
986,KEOKUK,10562,2009,,
987,JOHNSON,105355,1997,,
988,JEFFERSON,17629,2013,,
989,FREMONT,7141,2012,,
990,GRUNDY,12085,2007,,
991,LUCAS,8634,2020,,
992,SAC,9814,2020,,
993,MONTGOMERY,10404,2013,,
994,FRANKLIN,11314,1992,,
995,LYON,11449,2005,,
996,FLOYD,16087,2012,,
997,O'BRIEN,15456,1997,,
998,PAGE,15462,2015,,
999,MONROE,7979,2013,,
0,,496844,,POLK,2021
1,,228939,,LINN,2021
2,,174170,,SCOTT,2021
3,,154748,,JOHNSON,2021
4,,130368,,BLACK HAWK,2021
5,,105607,,WOODBURY,2021
6,,103796,,DALLAS,2021
7,,99472,,STORY,2021
8,,98718,,DUBUQUE,2021
9,,93304,,POTTAWATTAMIE,2021
10,,53402,,WARREN,2021
11,,46463,,CLINTON,2021
12,,42706,,CERRO GORDO,2021
13,,42688,,MUSCATINE,2021
14,,39853,,MARSHALL,2021
15,,38491,,DES MOINES,2021
16,,37764,,JASPER,2021
17,,37147,,WEBSTER,2021
18,,35893,,SIOUX,2021
19,,35256,,WAPELLO,2021
20,,33380,,MARION,2021
21,,33215,,LEE,2021
22,,26723,,BOONE,2021
23,,25691,,BENTON,2021
24,,25650,,PLYMOUTH,2021
25,,25081,,BREMER,2021
26,,22491,,WASHINGTON,2021
27,,21984,,MAHASKA,2021
28,,20805,,JONES,2021
29,,20771,,BUENA VISTA,2021
30,,20692,,CARROLL,2021
31,,20657,,BUCHANAN,2021
32,,20387,,HENRY,2021
33,,19892,,WINNESHIEK,2021
34,,19368,,JACKSON,2021
35,,19258,,FAYETTE,2021
36,,18586,,POWESHIEK,2021
37,,18410,,CEDAR,2021
38,,17851,,DICKINSON,2021
39,,17510,,DELAWARE,2021
40,,16998,,CLAYTON,2021
41,,16867,,TAMA,2021
42,,16773,,MADISON,2021
43,,16708,,HARDIN,2021
44,,16568,,IOWA,2021
45,,16440,,CLAY,2021
46,,16193,,CRAWFORD,2021
47,,15647,,JEFFERSON,2021
48,,15413,,FLOYD,2021
49,,15197,,PAGE,2021
50,,14887,,HAMILTON,2021
51,,14669,,HARRISON,2021
52,,14529,,KOSSUTH,2021
53,,14465,,MILLS,2021
54,,14332,,BUTLER,2021
55,,14015,,O'BRIEN,2021
56,,13926,,ALLAMAKEE,2021
57,,13050,,CASS,2021
58,,12785,,WRIGHT,2021
59,,12347,,GRUNDY,2021
60,,12257,,APPANOOSE,2021
61,,12018,,UNION,2021
62,,12011,,LYON,2021
63,,11887,,CHICKASAW,2021
64,,11770,,SHELBY,2021
65,,11503,,CHEROKEE,2021
66,,10749,,LOUISA,2021
67,,10663,,HANCOCK,2021
68,,10656,,WINNEBAGO,2021
69,,10567,,GUTHRIE,2021
70,,10555,,MITCHELL,2021
71,,10322,,MONTGOMERY,2021
72,,9952,,FRANKLIN,2021
73,,9915,,CALHOUN,2021
74,,9914,,KEOKUK,2021
75,,9785,,CLARKE,2021
76,,9752,,SAC,2021
77,,9634,,HUMBOLDT,2021
78,,9478,,HOWARD,2021
79,,9321,,EMMET,2021
80,,9138,,DAVIS,2021
81,,8906,,PALO ALTO,2021
82,,8717,,GREENE,2021
83,,8710,,LUCAS,2021
84,,8574,,MONONA,2021
85,,7659,,DECATUR,2021
86,,7610,,MONROE,2021
87,,7541,,ADAIR,2021
88,,7385,,WORTH,2021
89,,7243,,VAN BUREN,2021
90,,7074,,POCAHONTAS,2021
91,,6956,,IDA,2021
92,,6567,,FREMONT,2021
93,,6508,,WAYNE,2021
94,,6159,,OSCEOLA,2021
95,,5868,,TAYLOR,2021
96,,5635,,AUDUBON,2021
97,,4639,,RINGGOLD,2021
98,,3641,,ADAMS,2021
99,,"United States Census Bureau. B01001 SEX BY AGE, 2020 American Community Survey 5-Year Estimates. U.S. Census Bureau, American Community Survey Office. Web. 17 March 2022. http://www.census.gov/.  United States Census Bureau. Annual Estimates of the Resident Population: April 1, 2020 to July 1, 2021. U.S. Census Bureau, Population Division. Web. May 2022. http://www.census.gov/.",,"UNITED STATES CENSUS BUREAU. B01001 SEX BY AGE, 2020 AMERICAN COMMUNITY SURVEY 5-YEAR ESTIMATES. U.S. CENSUS BUREAU, AMERICAN COMMUNITY SURVEY OFFICE. WEB. 17 MARCH 2022. HTTP://WWW.CENSUS.GOV/.  UNITED STATES CENSUS BUREAU. ANNUAL ESTIMATES OF THE RESIDENT POPULATION: APRIL 1, 2020 TO JULY 1, 2021. U.S. CENSUS BUREAU, POPULATION DIVISION. WEB. MAY 2022.",2021
